Role,Email,Password,Name,School,Class
School Admin,admin.harmony.academy.of.music@school.edu,123456789,Harmony Admin,Harmony Academy of Music,N/A
School Admin,admin.melody.heights.school@school.edu,123456789,Melody Admin,Melody Heights School,N/A
School Admin,admin.rhythm.international.school@school.edu,123456789,Rhythm Admin,Rhythm International School,N/A
School Admin,admin.sargam.school.of.arts@school.edu,123456789,Sargam Admin,Sargam School of Arts,N/A
School Admin,admin.suron.ki.duniya.academy@school.edu,123456789,Suron Admin,Suron Ki Duniya Academy,N/A
School Admin,admin.nada.brahma.music.school@school.edu,123456789,Nada Admin,Nada Brahma Music School,N/A
School Admin,admin.veenavadini.school.of.fine.arts@school.edu,123456789,Veenavadini Admin,Veenavadini School of Fine Arts,N/A
School Admin,admin.tansen.school.of.classical.music@school.edu,123456789,Tansen Admin,Tansen School of Classical Music,N/A
School Admin,admin.bhairavi.international.school@school.edu,123456789,Bhairavi Admin,Bhairavi International School,N/A
School Admin,admin.raagmala.academy@school.edu,123456789,Raagmala Admin,Raagmala Academy,N/A
Judge,judge1@competeedu.com,123456789,Judge 1,N/A,N/A
Judge,judge2@competeedu.com,123456789,Judge 2,N/A,N/A
Judge,judge3@competeedu.com,123456789,Judge 3,N/A,N/A
Judge,judge4@competeedu.com,123456789,Judge 4,N/A,N/A
Judge,judge5@competeedu.com,123456789,Judge 5,N/A,N/A
Judge,judge6@competeedu.com,123456789,Judge 6,N/A,N/A
Judge,judge7@competeedu.com,123456789,Judge 7,N/A,N/A
Judge,judge8@competeedu.com,123456789,Judge 8,N/A,N/A
Judge,judge9@competeedu.com,123456789,Judge 9,N/A,N/A
Judge,judge10@competeedu.com,123456789,Judge 10,N/A,N/A
Judge,judge11@competeedu.com,123456789,Judge 11,N/A,N/A
Judge,judge12@competeedu.com,123456789,Judge 12,N/A,N/A
Judge,judge13@competeedu.com,123456789,Judge 13,N/A,N/A
Judge,judge14@competeedu.com,123456789,Judge 14,N/A,N/A
Judge,judge15@competeedu.com,123456789,Judge 15,N/A,N/A
Judge,judge16@competeedu.com,123456789,Judge 16,N/A,N/A
Judge,judge17@competeedu.com,123456789,Judge 17,N/A,N/A
Judge,judge18@competeedu.com,123456789,Judge 18,N/A,N/A
Judge,judge19@competeedu.com,123456789,Judge 19,N/A,N/A
Judge,judge20@competeedu.com,123456789,Judge 20,N/A,N/A
Teacher,harmony.academy.of.music.teacher1@school.edu,123456789,Teacher Class 1 (Harmony Academy of Music),Harmony Academy of Music,Class 1
Student,harmony.academy.of.music.class1.student1@school.edu,123456789,Student 1 Class 1 (Harmony Academy of Music),Harmony Academy of Music,Class 1
Student,harmony.academy.of.music.class1.student2@school.edu,123456789,Student 2 Class 1 (Harmony Academy of Music),Harmony Academy of Music,Class 1
Student,harmony.academy.of.music.class1.student3@school.edu,123456789,Student 3 Class 1 (Harmony Academy of Music),Harmony Academy of Music,Class 1
Student,harmony.academy.of.music.class1.student4@school.edu,123456789,Student 4 Class 1 (Harmony Academy of Music),Harmony Academy of Music,Class 1
Student,harmony.academy.of.music.class1.student5@school.edu,123456789,Student 5 Class 1 (Harmony Academy of Music),Harmony Academy of Music,Class 1
Teacher,harmony.academy.of.music.teacher2@school.edu,123456789,Teacher Class 2 (Harmony Academy of Music),Harmony Academy of Music,Class 2
Student,harmony.academy.of.music.class2.student1@school.edu,123456789,Student 1 Class 2 (Harmony Academy of Music),Harmony Academy of Music,Class 2
Student,harmony.academy.of.music.class2.student2@school.edu,123456789,Student 2 Class 2 (Harmony Academy of Music),Harmony Academy of Music,Class 2
Student,harmony.academy.of.music.class2.student3@school.edu,123456789,Student 3 Class 2 (Harmony Academy of Music),Harmony Academy of Music,Class 2
Student,harmony.academy.of.music.class2.student4@school.edu,123456789,Student 4 Class 2 (Harmony Academy of Music),Harmony Academy of Music,Class 2
Student,harmony.academy.of.music.class2.student5@school.edu,123456789,Student 5 Class 2 (Harmony Academy of Music),Harmony Academy of Music,Class 2
Teacher,harmony.academy.of.music.teacher3@school.edu,123456789,Teacher Class 3 (Harmony Academy of Music),Harmony Academy of Music,Class 3
Student,harmony.academy.of.music.class3.student1@school.edu,123456789,Student 1 Class 3 (Harmony Academy of Music),Harmony Academy of Music,Class 3
Student,harmony.academy.of.music.class3.student2@school.edu,123456789,Student 2 Class 3 (Harmony Academy of Music),Harmony Academy of Music,Class 3
Student,harmony.academy.of.music.class3.student3@school.edu,123456789,Student 3 Class 3 (Harmony Academy of Music),Harmony Academy of Music,Class 3
Student,harmony.academy.of.music.class3.student4@school.edu,123456789,Student 4 Class 3 (Harmony Academy of Music),Harmony Academy of Music,Class 3
Student,harmony.academy.of.music.class3.student5@school.edu,123456789,Student 5 Class 3 (Harmony Academy of Music),Harmony Academy of Music,Class 3
Teacher,harmony.academy.of.music.teacher4@school.edu,123456789,Teacher Class 4 (Harmony Academy of Music),Harmony Academy of Music,Class 4
Student,harmony.academy.of.music.class4.student1@school.edu,123456789,Student 1 Class 4 (Harmony Academy of Music),Harmony Academy of Music,Class 4
Student,harmony.academy.of.music.class4.student2@school.edu,123456789,Student 2 Class 4 (Harmony Academy of Music),Harmony Academy of Music,Class 4
Student,harmony.academy.of.music.class4.student3@school.edu,123456789,Student 3 Class 4 (Harmony Academy of Music),Harmony Academy of Music,Class 4
Student,harmony.academy.of.music.class4.student4@school.edu,123456789,Student 4 Class 4 (Harmony Academy of Music),Harmony Academy of Music,Class 4
Student,harmony.academy.of.music.class4.student5@school.edu,123456789,Student 5 Class 4 (Harmony Academy of Music),Harmony Academy of Music,Class 4
Teacher,harmony.academy.of.music.teacher5@school.edu,123456789,Teacher Class 5 (Harmony Academy of Music),Harmony Academy of Music,Class 5
Student,harmony.academy.of.music.class5.student1@school.edu,123456789,Student 1 Class 5 (Harmony Academy of Music),Harmony Academy of Music,Class 5
Student,harmony.academy.of.music.class5.student2@school.edu,123456789,Student 2 Class 5 (Harmony Academy of Music),Harmony Academy of Music,Class 5
Student,harmony.academy.of.music.class5.student3@school.edu,123456789,Student 3 Class 5 (Harmony Academy of Music),Harmony Academy of Music,Class 5
Student,harmony.academy.of.music.class5.student4@school.edu,123456789,Student 4 Class 5 (Harmony Academy of Music),Harmony Academy of Music,Class 5
Student,harmony.academy.of.music.class5.student5@school.edu,123456789,Student 5 Class 5 (Harmony Academy of Music),Harmony Academy of Music,Class 5
Teacher,harmony.academy.of.music.teacher6@school.edu,123456789,Teacher Class 6 (Harmony Academy of Music),Harmony Academy of Music,Class 6
Student,harmony.academy.of.music.class6.student1@school.edu,123456789,Student 1 Class 6 (Harmony Academy of Music),Harmony Academy of Music,Class 6
Student,harmony.academy.of.music.class6.student2@school.edu,123456789,Student 2 Class 6 (Harmony Academy of Music),Harmony Academy of Music,Class 6
Student,harmony.academy.of.music.class6.student3@school.edu,123456789,Student 3 Class 6 (Harmony Academy of Music),Harmony Academy of Music,Class 6
Student,harmony.academy.of.music.class6.student4@school.edu,123456789,Student 4 Class 6 (Harmony Academy of Music),Harmony Academy of Music,Class 6
Student,harmony.academy.of.music.class6.student5@school.edu,123456789,Student 5 Class 6 (Harmony Academy of Music),Harmony Academy of Music,Class 6
Teacher,harmony.academy.of.music.teacher7@school.edu,123456789,Teacher Class 7 (Harmony Academy of Music),Harmony Academy of Music,Class 7
Student,harmony.academy.of.music.class7.student1@school.edu,123456789,Student 1 Class 7 (Harmony Academy of Music),Harmony Academy of Music,Class 7
Student,harmony.academy.of.music.class7.student2@school.edu,123456789,Student 2 Class 7 (Harmony Academy of Music),Harmony Academy of Music,Class 7
Student,harmony.academy.of.music.class7.student3@school.edu,123456789,Student 3 Class 7 (Harmony Academy of Music),Harmony Academy of Music,Class 7
Student,harmony.academy.of.music.class7.student4@school.edu,123456789,Student 4 Class 7 (Harmony Academy of Music),Harmony Academy of Music,Class 7
Student,harmony.academy.of.music.class7.student5@school.edu,123456789,Student 5 Class 7 (Harmony Academy of Music),Harmony Academy of Music,Class 7
Teacher,harmony.academy.of.music.teacher8@school.edu,123456789,Teacher Class 8 (Harmony Academy of Music),Harmony Academy of Music,Class 8
Student,harmony.academy.of.music.class8.student1@school.edu,123456789,Student 1 Class 8 (Harmony Academy of Music),Harmony Academy of Music,Class 8
Student,harmony.academy.of.music.class8.student2@school.edu,123456789,Student 2 Class 8 (Harmony Academy of Music),Harmony Academy of Music,Class 8
Student,harmony.academy.of.music.class8.student3@school.edu,123456789,Student 3 Class 8 (Harmony Academy of Music),Harmony Academy of Music,Class 8
Student,harmony.academy.of.music.class8.student4@school.edu,123456789,Student 4 Class 8 (Harmony Academy of Music),Harmony Academy of Music,Class 8
Student,harmony.academy.of.music.class8.student5@school.edu,123456789,Student 5 Class 8 (Harmony Academy of Music),Harmony Academy of Music,Class 8
Teacher,harmony.academy.of.music.teacher9@school.edu,123456789,Teacher Class 9 (Harmony Academy of Music),Harmony Academy of Music,Class 9
Student,harmony.academy.of.music.class9.student1@school.edu,123456789,Student 1 Class 9 (Harmony Academy of Music),Harmony Academy of Music,Class 9
Student,harmony.academy.of.music.class9.student2@school.edu,123456789,Student 2 Class 9 (Harmony Academy of Music),Harmony Academy of Music,Class 9
Student,harmony.academy.of.music.class9.student3@school.edu,123456789,Student 3 Class 9 (Harmony Academy of Music),Harmony Academy of Music,Class 9
Student,harmony.academy.of.music.class9.student4@school.edu,123456789,Student 4 Class 9 (Harmony Academy of Music),Harmony Academy of Music,Class 9
Student,harmony.academy.of.music.class9.student5@school.edu,123456789,Student 5 Class 9 (Harmony Academy of Music),Harmony Academy of Music,Class 9
Teacher,harmony.academy.of.music.teacher10@school.edu,123456789,Teacher Class 10 (Harmony Academy of Music),Harmony Academy of Music,Class 10
Student,harmony.academy.of.music.class10.student1@school.edu,123456789,Student 1 Class 10 (Harmony Academy of Music),Harmony Academy of Music,Class 10
Student,harmony.academy.of.music.class10.student2@school.edu,123456789,Student 2 Class 10 (Harmony Academy of Music),Harmony Academy of Music,Class 10
Student,harmony.academy.of.music.class10.student3@school.edu,123456789,Student 3 Class 10 (Harmony Academy of Music),Harmony Academy of Music,Class 10
Student,harmony.academy.of.music.class10.student4@school.edu,123456789,Student 4 Class 10 (Harmony Academy of Music),Harmony Academy of Music,Class 10
Student,harmony.academy.of.music.class10.student5@school.edu,123456789,Student 5 Class 10 (Harmony Academy of Music),Harmony Academy of Music,Class 10
Teacher,melody.heights.school.teacher1@school.edu,123456789,Teacher Class 1 (Melody Heights School),Melody Heights School,Class 1
Student,melody.heights.school.class1.student1@school.edu,123456789,Student 1 Class 1 (Melody Heights School),Melody Heights School,Class 1
Student,melody.heights.school.class1.student2@school.edu,123456789,Student 2 Class 1 (Melody Heights School),Melody Heights School,Class 1
Student,melody.heights.school.class1.student3@school.edu,123456789,Student 3 Class 1 (Melody Heights School),Melody Heights School,Class 1
Student,melody.heights.school.class1.student4@school.edu,123456789,Student 4 Class 1 (Melody Heights School),Melody Heights School,Class 1
Student,melody.heights.school.class1.student5@school.edu,123456789,Student 5 Class 1 (Melody Heights School),Melody Heights School,Class 1
Teacher,melody.heights.school.teacher2@school.edu,123456789,Teacher Class 2 (Melody Heights School),Melody Heights School,Class 2
Student,melody.heights.school.class2.student1@school.edu,123456789,Student 1 Class 2 (Melody Heights School),Melody Heights School,Class 2
Student,melody.heights.school.class2.student2@school.edu,123456789,Student 2 Class 2 (Melody Heights School),Melody Heights School,Class 2
Student,melody.heights.school.class2.student3@school.edu,123456789,Student 3 Class 2 (Melody Heights School),Melody Heights School,Class 2
Student,melody.heights.school.class2.student4@school.edu,123456789,Student 4 Class 2 (Melody Heights School),Melody Heights School,Class 2
Student,melody.heights.school.class2.student5@school.edu,123456789,Student 5 Class 2 (Melody Heights School),Melody Heights School,Class 2
Teacher,melody.heights.school.teacher3@school.edu,123456789,Teacher Class 3 (Melody Heights School),Melody Heights School,Class 3
Student,melody.heights.school.class3.student1@school.edu,123456789,Student 1 Class 3 (Melody Heights School),Melody Heights School,Class 3
Student,melody.heights.school.class3.student2@school.edu,123456789,Student 2 Class 3 (Melody Heights School),Melody Heights School,Class 3
Student,melody.heights.school.class3.student3@school.edu,123456789,Student 3 Class 3 (Melody Heights School),Melody Heights School,Class 3
Student,melody.heights.school.class3.student4@school.edu,123456789,Student 4 Class 3 (Melody Heights School),Melody Heights School,Class 3
Student,melody.heights.school.class3.student5@school.edu,123456789,Student 5 Class 3 (Melody Heights School),Melody Heights School,Class 3
Teacher,melody.heights.school.teacher4@school.edu,123456789,Teacher Class 4 (Melody Heights School),Melody Heights School,Class 4
Student,melody.heights.school.class4.student1@school.edu,123456789,Student 1 Class 4 (Melody Heights School),Melody Heights School,Class 4
Student,melody.heights.school.class4.student2@school.edu,123456789,Student 2 Class 4 (Melody Heights School),Melody Heights School,Class 4
Student,melody.heights.school.class4.student3@school.edu,123456789,Student 3 Class 4 (Melody Heights School),Melody Heights School,Class 4
Student,melody.heights.school.class4.student4@school.edu,123456789,Student 4 Class 4 (Melody Heights School),Melody Heights School,Class 4
Student,melody.heights.school.class4.student5@school.edu,123456789,Student 5 Class 4 (Melody Heights School),Melody Heights School,Class 4
Teacher,melody.heights.school.teacher5@school.edu,123456789,Teacher Class 5 (Melody Heights School),Melody Heights School,Class 5
Student,melody.heights.school.class5.student1@school.edu,123456789,Student 1 Class 5 (Melody Heights School),Melody Heights School,Class 5
Student,melody.heights.school.class5.student2@school.edu,123456789,Student 2 Class 5 (Melody Heights School),Melody Heights School,Class 5
Student,melody.heights.school.class5.student3@school.edu,123456789,Student 3 Class 5 (Melody Heights School),Melody Heights School,Class 5
Student,melody.heights.school.class5.student4@school.edu,123456789,Student 4 Class 5 (Melody Heights School),Melody Heights School,Class 5
Student,melody.heights.school.class5.student5@school.edu,123456789,Student 5 Class 5 (Melody Heights School),Melody Heights School,Class 5
Teacher,melody.heights.school.teacher6@school.edu,123456789,Teacher Class 6 (Melody Heights School),Melody Heights School,Class 6
Student,melody.heights.school.class6.student1@school.edu,123456789,Student 1 Class 6 (Melody Heights School),Melody Heights School,Class 6
Student,melody.heights.school.class6.student2@school.edu,123456789,Student 2 Class 6 (Melody Heights School),Melody Heights School,Class 6
Student,melody.heights.school.class6.student3@school.edu,123456789,Student 3 Class 6 (Melody Heights School),Melody Heights School,Class 6
Student,melody.heights.school.class6.student4@school.edu,123456789,Student 4 Class 6 (Melody Heights School),Melody Heights School,Class 6
Student,melody.heights.school.class6.student5@school.edu,123456789,Student 5 Class 6 (Melody Heights School),Melody Heights School,Class 6
Teacher,melody.heights.school.teacher7@school.edu,123456789,Teacher Class 7 (Melody Heights School),Melody Heights School,Class 7
Student,melody.heights.school.class7.student1@school.edu,123456789,Student 1 Class 7 (Melody Heights School),Melody Heights School,Class 7
Student,melody.heights.school.class7.student2@school.edu,123456789,Student 2 Class 7 (Melody Heights School),Melody Heights School,Class 7
Student,melody.heights.school.class7.student3@school.edu,123456789,Student 3 Class 7 (Melody Heights School),Melody Heights School,Class 7
Student,melody.heights.school.class7.student4@school.edu,123456789,Student 4 Class 7 (Melody Heights School),Melody Heights School,Class 7
Student,melody.heights.school.class7.student5@school.edu,123456789,Student 5 Class 7 (Melody Heights School),Melody Heights School,Class 7
Teacher,melody.heights.school.teacher8@school.edu,123456789,Teacher Class 8 (Melody Heights School),Melody Heights School,Class 8
Student,melody.heights.school.class8.student1@school.edu,123456789,Student 1 Class 8 (Melody Heights School),Melody Heights School,Class 8
Student,melody.heights.school.class8.student2@school.edu,123456789,Student 2 Class 8 (Melody Heights School),Melody Heights School,Class 8
Student,melody.heights.school.class8.student3@school.edu,123456789,Student 3 Class 8 (Melody Heights School),Melody Heights School,Class 8
Student,melody.heights.school.class8.student4@school.edu,123456789,Student 4 Class 8 (Melody Heights School),Melody Heights School,Class 8
Student,melody.heights.school.class8.student5@school.edu,123456789,Student 5 Class 8 (Melody Heights School),Melody Heights School,Class 8
Teacher,melody.heights.school.teacher9@school.edu,123456789,Teacher Class 9 (Melody Heights School),Melody Heights School,Class 9
Student,melody.heights.school.class9.student1@school.edu,123456789,Student 1 Class 9 (Melody Heights School),Melody Heights School,Class 9
Student,melody.heights.school.class9.student2@school.edu,123456789,Student 2 Class 9 (Melody Heights School),Melody Heights School,Class 9
Student,melody.heights.school.class9.student3@school.edu,123456789,Student 3 Class 9 (Melody Heights School),Melody Heights School,Class 9
Student,melody.heights.school.class9.student4@school.edu,123456789,Student 4 Class 9 (Melody Heights School),Melody Heights School,Class 9
Student,melody.heights.school.class9.student5@school.edu,123456789,Student 5 Class 9 (Melody Heights School),Melody Heights School,Class 9
Teacher,melody.heights.school.teacher10@school.edu,123456789,Teacher Class 10 (Melody Heights School),Melody Heights School,Class 10
Student,melody.heights.school.class10.student1@school.edu,123456789,Student 1 Class 10 (Melody Heights School),Melody Heights School,Class 10
Student,melody.heights.school.class10.student2@school.edu,123456789,Student 2 Class 10 (Melody Heights School),Melody Heights School,Class 10
Student,melody.heights.school.class10.student3@school.edu,123456789,Student 3 Class 10 (Melody Heights School),Melody Heights School,Class 10
Student,melody.heights.school.class10.student4@school.edu,123456789,Student 4 Class 10 (Melody Heights School),Melody Heights School,Class 10
Student,melody.heights.school.class10.student5@school.edu,123456789,Student 5 Class 10 (Melody Heights School),Melody Heights School,Class 10
Teacher,rhythm.international.school.teacher1@school.edu,123456789,Teacher Class 1 (Rhythm International School),Rhythm International School,Class 1
Student,rhythm.international.school.class1.student1@school.edu,123456789,Student 1 Class 1 (Rhythm International School),Rhythm International School,Class 1
Student,rhythm.international.school.class1.student2@school.edu,123456789,Student 2 Class 1 (Rhythm International School),Rhythm International School,Class 1
Student,rhythm.international.school.class1.student3@school.edu,123456789,Student 3 Class 1 (Rhythm International School),Rhythm International School,Class 1
Student,rhythm.international.school.class1.student4@school.edu,123456789,Student 4 Class 1 (Rhythm International School),Rhythm International School,Class 1
Student,rhythm.international.school.class1.student5@school.edu,123456789,Student 5 Class 1 (Rhythm International School),Rhythm International School,Class 1
Teacher,rhythm.international.school.teacher2@school.edu,123456789,Teacher Class 2 (Rhythm International School),Rhythm International School,Class 2
Student,rhythm.international.school.class2.student1@school.edu,123456789,Student 1 Class 2 (Rhythm International School),Rhythm International School,Class 2
Student,rhythm.international.school.class2.student2@school.edu,123456789,Student 2 Class 2 (Rhythm International School),Rhythm International School,Class 2
Student,rhythm.international.school.class2.student3@school.edu,123456789,Student 3 Class 2 (Rhythm International School),Rhythm International School,Class 2
Student,rhythm.international.school.class2.student4@school.edu,123456789,Student 4 Class 2 (Rhythm International School),Rhythm International School,Class 2
Student,rhythm.international.school.class2.student5@school.edu,123456789,Student 5 Class 2 (Rhythm International School),Rhythm International School,Class 2
Teacher,rhythm.international.school.teacher3@school.edu,123456789,Teacher Class 3 (Rhythm International School),Rhythm International School,Class 3
Student,rhythm.international.school.class3.student1@school.edu,123456789,Student 1 Class 3 (Rhythm International School),Rhythm International School,Class 3
Student,rhythm.international.school.class3.student2@school.edu,123456789,Student 2 Class 3 (Rhythm International School),Rhythm International School,Class 3
Student,rhythm.international.school.class3.student3@school.edu,123456789,Student 3 Class 3 (Rhythm International School),Rhythm International School,Class 3
Student,rhythm.international.school.class3.student4@school.edu,123456789,Student 4 Class 3 (Rhythm International School),Rhythm International School,Class 3
Student,rhythm.international.school.class3.student5@school.edu,123456789,Student 5 Class 3 (Rhythm International School),Rhythm International School,Class 3
Teacher,rhythm.international.school.teacher4@school.edu,123456789,Teacher Class 4 (Rhythm International School),Rhythm International School,Class 4
Student,rhythm.international.school.class4.student1@school.edu,123456789,Student 1 Class 4 (Rhythm International School),Rhythm International School,Class 4
Student,rhythm.international.school.class4.student2@school.edu,123456789,Student 2 Class 4 (Rhythm International School),Rhythm International School,Class 4
Student,rhythm.international.school.class4.student3@school.edu,123456789,Student 3 Class 4 (Rhythm International School),Rhythm International School,Class 4
Student,rhythm.international.school.class4.student4@school.edu,123456789,Student 4 Class 4 (Rhythm International School),Rhythm International School,Class 4
Student,rhythm.international.school.class4.student5@school.edu,123456789,Student 5 Class 4 (Rhythm International School),Rhythm International School,Class 4
Teacher,rhythm.international.school.teacher5@school.edu,123456789,Teacher Class 5 (Rhythm International School),Rhythm International School,Class 5
Student,rhythm.international.school.class5.student1@school.edu,123456789,Student 1 Class 5 (Rhythm International School),Rhythm International School,Class 5
Student,rhythm.international.school.class5.student2@school.edu,123456789,Student 2 Class 5 (Rhythm International School),Rhythm International School,Class 5
Student,rhythm.international.school.class5.student3@school.edu,123456789,Student 3 Class 5 (Rhythm International School),Rhythm International School,Class 5
Student,rhythm.international.school.class5.student4@school.edu,123456789,Student 4 Class 5 (Rhythm International School),Rhythm International School,Class 5
Student,rhythm.international.school.class5.student5@school.edu,123456789,Student 5 Class 5 (Rhythm International School),Rhythm International School,Class 5
Teacher,rhythm.international.school.teacher6@school.edu,123456789,Teacher Class 6 (Rhythm International School),Rhythm International School,Class 6
Student,rhythm.international.school.class6.student1@school.edu,123456789,Student 1 Class 6 (Rhythm International School),Rhythm International School,Class 6
Student,rhythm.international.school.class6.student2@school.edu,123456789,Student 2 Class 6 (Rhythm International School),Rhythm International School,Class 6
Student,rhythm.international.school.class6.student3@school.edu,123456789,Student 3 Class 6 (Rhythm International School),Rhythm International School,Class 6
Student,rhythm.international.school.class6.student4@school.edu,123456789,Student 4 Class 6 (Rhythm International School),Rhythm International School,Class 6
Student,rhythm.international.school.class6.student5@school.edu,123456789,Student 5 Class 6 (Rhythm International School),Rhythm International School,Class 6
Teacher,rhythm.international.school.teacher7@school.edu,123456789,Teacher Class 7 (Rhythm International School),Rhythm International School,Class 7
Student,rhythm.international.school.class7.student1@school.edu,123456789,Student 1 Class 7 (Rhythm International School),Rhythm International School,Class 7
Student,rhythm.international.school.class7.student2@school.edu,123456789,Student 2 Class 7 (Rhythm International School),Rhythm International School,Class 7
Student,rhythm.international.school.class7.student3@school.edu,123456789,Student 3 Class 7 (Rhythm International School),Rhythm International School,Class 7
Student,rhythm.international.school.class7.student4@school.edu,123456789,Student 4 Class 7 (Rhythm International School),Rhythm International School,Class 7
Student,rhythm.international.school.class7.student5@school.edu,123456789,Student 5 Class 7 (Rhythm International School),Rhythm International School,Class 7
Teacher,rhythm.international.school.teacher8@school.edu,123456789,Teacher Class 8 (Rhythm International School),Rhythm International School,Class 8
Student,rhythm.international.school.class8.student1@school.edu,123456789,Student 1 Class 8 (Rhythm International School),Rhythm International School,Class 8
Student,rhythm.international.school.class8.student2@school.edu,123456789,Student 2 Class 8 (Rhythm International School),Rhythm International School,Class 8
Student,rhythm.international.school.class8.student3@school.edu,123456789,Student 3 Class 8 (Rhythm International School),Rhythm International School,Class 8
Student,rhythm.international.school.class8.student4@school.edu,123456789,Student 4 Class 8 (Rhythm International School),Rhythm International School,Class 8
Student,rhythm.international.school.class8.student5@school.edu,123456789,Student 5 Class 8 (Rhythm International School),Rhythm International School,Class 8
Teacher,rhythm.international.school.teacher9@school.edu,123456789,Teacher Class 9 (Rhythm International School),Rhythm International School,Class 9
Student,rhythm.international.school.class9.student1@school.edu,123456789,Student 1 Class 9 (Rhythm International School),Rhythm International School,Class 9
Student,rhythm.international.school.class9.student2@school.edu,123456789,Student 2 Class 9 (Rhythm International School),Rhythm International School,Class 9
Student,rhythm.international.school.class9.student3@school.edu,123456789,Student 3 Class 9 (Rhythm International School),Rhythm International School,Class 9
Student,rhythm.international.school.class9.student4@school.edu,123456789,Student 4 Class 9 (Rhythm International School),Rhythm International School,Class 9
Student,rhythm.international.school.class9.student5@school.edu,123456789,Student 5 Class 9 (Rhythm International School),Rhythm International School,Class 9
Teacher,rhythm.international.school.teacher10@school.edu,123456789,Teacher Class 10 (Rhythm International School),Rhythm International School,Class 10
Student,rhythm.international.school.class10.student1@school.edu,123456789,Student 1 Class 10 (Rhythm International School),Rhythm International School,Class 10
Student,rhythm.international.school.class10.student2@school.edu,123456789,Student 2 Class 10 (Rhythm International School),Rhythm International School,Class 10
Student,rhythm.international.school.class10.student3@school.edu,123456789,Student 3 Class 10 (Rhythm International School),Rhythm International School,Class 10
Student,rhythm.international.school.class10.student4@school.edu,123456789,Student 4 Class 10 (Rhythm International School),Rhythm International School,Class 10
Student,rhythm.international.school.class10.student5@school.edu,123456789,Student 5 Class 10 (Rhythm International School),Rhythm International School,Class 10
Teacher,sargam.school.of.arts.teacher1@school.edu,123456789,Teacher Class 1 (Sargam School of Arts),Sargam School of Arts,Class 1
Student,sargam.school.of.arts.class1.student1@school.edu,123456789,Student 1 Class 1 (Sargam School of Arts),Sargam School of Arts,Class 1
Student,sargam.school.of.arts.class1.student2@school.edu,123456789,Student 2 Class 1 (Sargam School of Arts),Sargam School of Arts,Class 1
Student,sargam.school.of.arts.class1.student3@school.edu,123456789,Student 3 Class 1 (Sargam School of Arts),Sargam School of Arts,Class 1
Student,sargam.school.of.arts.class1.student4@school.edu,123456789,Student 4 Class 1 (Sargam School of Arts),Sargam School of Arts,Class 1
Student,sargam.school.of.arts.class1.student5@school.edu,123456789,Student 5 Class 1 (Sargam School of Arts),Sargam School of Arts,Class 1
Teacher,sargam.school.of.arts.teacher2@school.edu,123456789,Teacher Class 2 (Sargam School of Arts),Sargam School of Arts,Class 2
Student,sargam.school.of.arts.class2.student1@school.edu,123456789,Student 1 Class 2 (Sargam School of Arts),Sargam School of Arts,Class 2
Student,sargam.school.of.arts.class2.student2@school.edu,123456789,Student 2 Class 2 (Sargam School of Arts),Sargam School of Arts,Class 2
Student,sargam.school.of.arts.class2.student3@school.edu,123456789,Student 3 Class 2 (Sargam School of Arts),Sargam School of Arts,Class 2
Student,sargam.school.of.arts.class2.student4@school.edu,123456789,Student 4 Class 2 (Sargam School of Arts),Sargam School of Arts,Class 2
Student,sargam.school.of.arts.class2.student5@school.edu,123456789,Student 5 Class 2 (Sargam School of Arts),Sargam School of Arts,Class 2
Teacher,sargam.school.of.arts.teacher3@school.edu,123456789,Teacher Class 3 (Sargam School of Arts),Sargam School of Arts,Class 3
Student,sargam.school.of.arts.class3.student1@school.edu,123456789,Student 1 Class 3 (Sargam School of Arts),Sargam School of Arts,Class 3
Student,sargam.school.of.arts.class3.student2@school.edu,123456789,Student 2 Class 3 (Sargam School of Arts),Sargam School of Arts,Class 3
Student,sargam.school.of.arts.class3.student3@school.edu,123456789,Student 3 Class 3 (Sargam School of Arts),Sargam School of Arts,Class 3
Student,sargam.school.of.arts.class3.student4@school.edu,123456789,Student 4 Class 3 (Sargam School of Arts),Sargam School of Arts,Class 3
Student,sargam.school.of.arts.class3.student5@school.edu,123456789,Student 5 Class 3 (Sargam School of Arts),Sargam School of Arts,Class 3
Teacher,sargam.school.of.arts.teacher4@school.edu,123456789,Teacher Class 4 (Sargam School of Arts),Sargam School of Arts,Class 4
Student,sargam.school.of.arts.class4.student1@school.edu,123456789,Student 1 Class 4 (Sargam School of Arts),Sargam School of Arts,Class 4
Student,sargam.school.of.arts.class4.student2@school.edu,123456789,Student 2 Class 4 (Sargam School of Arts),Sargam School of Arts,Class 4
Student,sargam.school.of.arts.class4.student3@school.edu,123456789,Student 3 Class 4 (Sargam School of Arts),Sargam School of Arts,Class 4
Student,sargam.school.of.arts.class4.student4@school.edu,123456789,Student 4 Class 4 (Sargam School of Arts),Sargam School of Arts,Class 4
Student,sargam.school.of.arts.class4.student5@school.edu,123456789,Student 5 Class 4 (Sargam School of Arts),Sargam School of Arts,Class 4
Teacher,sargam.school.of.arts.teacher5@school.edu,123456789,Teacher Class 5 (Sargam School of Arts),Sargam School of Arts,Class 5
Student,sargam.school.of.arts.class5.student1@school.edu,123456789,Student 1 Class 5 (Sargam School of Arts),Sargam School of Arts,Class 5
Student,sargam.school.of.arts.class5.student2@school.edu,123456789,Student 2 Class 5 (Sargam School of Arts),Sargam School of Arts,Class 5
Student,sargam.school.of.arts.class5.student3@school.edu,123456789,Student 3 Class 5 (Sargam School of Arts),Sargam School of Arts,Class 5
Student,sargam.school.of.arts.class5.student4@school.edu,123456789,Student 4 Class 5 (Sargam School of Arts),Sargam School of Arts,Class 5
Student,sargam.school.of.arts.class5.student5@school.edu,123456789,Student 5 Class 5 (Sargam School of Arts),Sargam School of Arts,Class 5
Teacher,sargam.school.of.arts.teacher6@school.edu,123456789,Teacher Class 6 (Sargam School of Arts),Sargam School of Arts,Class 6
Student,sargam.school.of.arts.class6.student1@school.edu,123456789,Student 1 Class 6 (Sargam School of Arts),Sargam School of Arts,Class 6
Student,sargam.school.of.arts.class6.student2@school.edu,123456789,Student 2 Class 6 (Sargam School of Arts),Sargam School of Arts,Class 6
Student,sargam.school.of.arts.class6.student3@school.edu,123456789,Student 3 Class 6 (Sargam School of Arts),Sargam School of Arts,Class 6
Student,sargam.school.of.arts.class6.student4@school.edu,123456789,Student 4 Class 6 (Sargam School of Arts),Sargam School of Arts,Class 6
Student,sargam.school.of.arts.class6.student5@school.edu,123456789,Student 5 Class 6 (Sargam School of Arts),Sargam School of Arts,Class 6
Teacher,sargam.school.of.arts.teacher7@school.edu,123456789,Teacher Class 7 (Sargam School of Arts),Sargam School of Arts,Class 7
Student,sargam.school.of.arts.class7.student1@school.edu,123456789,Student 1 Class 7 (Sargam School of Arts),Sargam School of Arts,Class 7
Student,sargam.school.of.arts.class7.student2@school.edu,123456789,Student 2 Class 7 (Sargam School of Arts),Sargam School of Arts,Class 7
Student,sargam.school.of.arts.class7.student3@school.edu,123456789,Student 3 Class 7 (Sargam School of Arts),Sargam School of Arts,Class 7
Student,sargam.school.of.arts.class7.student4@school.edu,123456789,Student 4 Class 7 (Sargam School of Arts),Sargam School of Arts,Class 7
Student,sargam.school.of.arts.class7.student5@school.edu,123456789,Student 5 Class 7 (Sargam School of Arts),Sargam School of Arts,Class 7
Teacher,sargam.school.of.arts.teacher8@school.edu,123456789,Teacher Class 8 (Sargam School of Arts),Sargam School of Arts,Class 8
Student,sargam.school.of.arts.class8.student1@school.edu,123456789,Student 1 Class 8 (Sargam School of Arts),Sargam School of Arts,Class 8
Student,sargam.school.of.arts.class8.student2@school.edu,123456789,Student 2 Class 8 (Sargam School of Arts),Sargam School of Arts,Class 8
Student,sargam.school.of.arts.class8.student3@school.edu,123456789,Student 3 Class 8 (Sargam School of Arts),Sargam School of Arts,Class 8
Student,sargam.school.of.arts.class8.student4@school.edu,123456789,Student 4 Class 8 (Sargam School of Arts),Sargam School of Arts,Class 8
Student,sargam.school.of.arts.class8.student5@school.edu,123456789,Student 5 Class 8 (Sargam School of Arts),Sargam School of Arts,Class 8
Teacher,sargam.school.of.arts.teacher9@school.edu,123456789,Teacher Class 9 (Sargam School of Arts),Sargam School of Arts,Class 9
Student,sargam.school.of.arts.class9.student1@school.edu,123456789,Student 1 Class 9 (Sargam School of Arts),Sargam School of Arts,Class 9
Student,sargam.school.of.arts.class9.student2@school.edu,123456789,Student 2 Class 9 (Sargam School of Arts),Sargam School of Arts,Class 9
Student,sargam.school.of.arts.class9.student3@school.edu,123456789,Student 3 Class 9 (Sargam School of Arts),Sargam School of Arts,Class 9
Student,sargam.school.of.arts.class9.student4@school.edu,123456789,Student 4 Class 9 (Sargam School of Arts),Sargam School of Arts,Class 9
Student,sargam.school.of.arts.class9.student5@school.edu,123456789,Student 5 Class 9 (Sargam School of Arts),Sargam School of Arts,Class 9
Teacher,sargam.school.of.arts.teacher10@school.edu,123456789,Teacher Class 10 (Sargam School of Arts),Sargam School of Arts,Class 10
Student,sargam.school.of.arts.class10.student1@school.edu,123456789,Student 1 Class 10 (Sargam School of Arts),Sargam School of Arts,Class 10
Student,sargam.school.of.arts.class10.student2@school.edu,123456789,Student 2 Class 10 (Sargam School of Arts),Sargam School of Arts,Class 10
Student,sargam.school.of.arts.class10.student3@school.edu,123456789,Student 3 Class 10 (Sargam School of Arts),Sargam School of Arts,Class 10
Student,sargam.school.of.arts.class10.student4@school.edu,123456789,Student 4 Class 10 (Sargam School of Arts),Sargam School of Arts,Class 10
Student,sargam.school.of.arts.class10.student5@school.edu,123456789,Student 5 Class 10 (Sargam School of Arts),Sargam School of Arts,Class 10
Teacher,suron.ki.duniya.academy.teacher1@school.edu,123456789,Teacher Class 1 (Suron Ki Duniya Academy),Suron Ki Duniya Academy,Class 1
Student,suron.ki.duniya.academy.class1.student1@school.edu,123456789,Student 1 Class 1 (Suron Ki Duniya Academy),Suron Ki Duniya Academy,Class 1
Student,suron.ki.duniya.academy.class1.student2@school.edu,123456789,Student 2 Class 1 (Suron Ki Duniya Academy),Suron Ki Duniya Academy,Class 1
Student,suron.ki.duniya.academy.class1.student3@school.edu,123456789,Student 3 Class 1 (Suron Ki Duniya Academy),Suron Ki Duniya Academy,Class 1
Student,suron.ki.duniya.academy.class1.student4@school.edu,123456789,Student 4 Class 1 (Suron Ki Duniya Academy),Suron Ki Duniya Academy,Class 1
Student,suron.ki.duniya.academy.class1.student5@school.edu,123456789,Student 5 Class 1 (Suron Ki Duniya Academy),Suron Ki Duniya Academy,Class 1
Teacher,suron.ki.duniya.academy.teacher2@school.edu,123456789,Teacher Class 2 (Suron Ki Duniya Academy),Suron Ki Duniya Academy,Class 2
Student,suron.ki.duniya.academy.class2.student1@school.edu,123456789,Student 1 Class 2 (Suron Ki Duniya Academy),Suron Ki Duniya Academy,Class 2
Student,suron.ki.duniya.academy.class2.student2@school.edu,123456789,Student 2 Class 2 (Suron Ki Duniya Academy),Suron Ki Duniya Academy,Class 2
Student,suron.ki.duniya.academy.class2.student3@school.edu,123456789,Student 3 Class 2 (Suron Ki Duniya Academy),Suron Ki Duniya Academy,Class 2
Student,suron.ki.duniya.academy.class2.student4@school.edu,123456789,Student 4 Class 2 (Suron Ki Duniya Academy),Suron Ki Duniya Academy,Class 2
Student,suron.ki.duniya.academy.class2.student5@school.edu,123456789,Student 5 Class 2 (Suron Ki Duniya Academy),Suron Ki Duniya Academy,Class 2
Teacher,suron.ki.duniya.academy.teacher3@school.edu,123456789,Teacher Class 3 (Suron Ki Duniya Academy),Suron Ki Duniya Academy,Class 3
Student,suron.ki.duniya.academy.class3.student1@school.edu,123456789,Student 1 Class 3 (Suron Ki Duniya Academy),Suron Ki Duniya Academy,Class 3
Student,suron.ki.duniya.academy.class3.student2@school.edu,123456789,Student 2 Class 3 (Suron Ki Duniya Academy),Suron Ki Duniya Academy,Class 3
Student,suron.ki.duniya.academy.class3.student3@school.edu,123456789,Student 3 Class 3 (Suron Ki Duniya Academy),Suron Ki Duniya Academy,Class 3
Student,suron.ki.duniya.academy.class3.student4@school.edu,123456789,Student 4 Class 3 (Suron Ki Duniya Academy),Suron Ki Duniya Academy,Class 3
Student,suron.ki.duniya.academy.class3.student5@school.edu,123456789,Student 5 Class 3 (Suron Ki Duniya Academy),Suron Ki Duniya Academy,Class 3
Teacher,suron.ki.duniya.academy.teacher4@school.edu,123456789,Teacher Class 4 (Suron Ki Duniya Academy),Suron Ki Duniya Academy,Class 4
Student,suron.ki.duniya.academy.class4.student1@school.edu,123456789,Student 1 Class 4 (Suron Ki Duniya Academy),Suron Ki Duniya Academy,Class 4
Student,suron.ki.duniya.academy.class4.student2@school.edu,123456789,Student 2 Class 4 (Suron Ki Duniya Academy),Suron Ki Duniya Academy,Class 4
Student,suron.ki.duniya.academy.class4.student3@school.edu,123456789,Student 3 Class 4 (Suron Ki Duniya Academy),Suron Ki Duniya Academy,Class 4
Student,suron.ki.duniya.academy.class4.student4@school.edu,123456789,Student 4 Class 4 (Suron Ki Duniya Academy),Suron Ki Duniya Academy,Class 4
Student,suron.ki.duniya.academy.class4.student5@school.edu,123456789,Student 5 Class 4 (Suron Ki Duniya Academy),Suron Ki Duniya Academy,Class 4
Teacher,suron.ki.duniya.academy.teacher5@school.edu,123456789,Teacher Class 5 (Suron Ki Duniya Academy),Suron Ki Duniya Academy,Class 5
Student,suron.ki.duniya.academy.class5.student1@school.edu,123456789,Student 1 Class 5 (Suron Ki Duniya Academy),Suron Ki Duniya Academy,Class 5
Student,suron.ki.duniya.academy.class5.student2@school.edu,123456789,Student 2 Class 5 (Suron Ki Duniya Academy),Suron Ki Duniya Academy,Class 5
Student,suron.ki.duniya.academy.class5.student3@school.edu,123456789,Student 3 Class 5 (Suron Ki Duniya Academy),Suron Ki Duniya Academy,Class 5
Student,suron.ki.duniya.academy.class5.student4@school.edu,123456789,Student 4 Class 5 (Suron Ki Duniya Academy),Suron Ki Duniya Academy,Class 5
Student,suron.ki.duniya.academy.class5.student5@school.edu,123456789,Student 5 Class 5 (Suron Ki Duniya Academy),Suron Ki Duniya Academy,Class 5
Teacher,suron.ki.duniya.academy.teacher6@school.edu,123456789,Teacher Class 6 (Suron Ki Duniya Academy),Suron Ki Duniya Academy,Class 6
Student,suron.ki.duniya.academy.class6.student1@school.edu,123456789,Student 1 Class 6 (Suron Ki Duniya Academy),Suron Ki Duniya Academy,Class 6
Student,suron.ki.duniya.academy.class6.student2@school.edu,123456789,Student 2 Class 6 (Suron Ki Duniya Academy),Suron Ki Duniya Academy,Class 6
Student,suron.ki.duniya.academy.class6.student3@school.edu,123456789,Student 3 Class 6 (Suron Ki Duniya Academy),Suron Ki Duniya Academy,Class 6
Student,suron.ki.duniya.academy.class6.student4@school.edu,123456789,Student 4 Class 6 (Suron Ki Duniya Academy),Suron Ki Duniya Academy,Class 6
Student,suron.ki.duniya.academy.class6.student5@school.edu,123456789,Student 5 Class 6 (Suron Ki Duniya Academy),Suron Ki Duniya Academy,Class 6
Teacher,suron.ki.duniya.academy.teacher7@school.edu,123456789,Teacher Class 7 (Suron Ki Duniya Academy),Suron Ki Duniya Academy,Class 7
Student,suron.ki.duniya.academy.class7.student1@school.edu,123456789,Student 1 Class 7 (Suron Ki Duniya Academy),Suron Ki Duniya Academy,Class 7
Student,suron.ki.duniya.academy.class7.student2@school.edu,123456789,Student 2 Class 7 (Suron Ki Duniya Academy),Suron Ki Duniya Academy,Class 7
Student,suron.ki.duniya.academy.class7.student3@school.edu,123456789,Student 3 Class 7 (Suron Ki Duniya Academy),Suron Ki Duniya Academy,Class 7
Student,suron.ki.duniya.academy.class7.student4@school.edu,123456789,Student 4 Class 7 (Suron Ki Duniya Academy),Suron Ki Duniya Academy,Class 7
Student,suron.ki.duniya.academy.class7.student5@school.edu,123456789,Student 5 Class 7 (Suron Ki Duniya Academy),Suron Ki Duniya Academy,Class 7
Teacher,suron.ki.duniya.academy.teacher8@school.edu,123456789,Teacher Class 8 (Suron Ki Duniya Academy),Suron Ki Duniya Academy,Class 8
Student,suron.ki.duniya.academy.class8.student1@school.edu,123456789,Student 1 Class 8 (Suron Ki Duniya Academy),Suron Ki Duniya Academy,Class 8
Student,suron.ki.duniya.academy.class8.student2@school.edu,123456789,Student 2 Class 8 (Suron Ki Duniya Academy),Suron Ki Duniya Academy,Class 8
Student,suron.ki.duniya.academy.class8.student3@school.edu,123456789,Student 3 Class 8 (Suron Ki Duniya Academy),Suron Ki Duniya Academy,Class 8
Student,suron.ki.duniya.academy.class8.student4@school.edu,123456789,Student 4 Class 8 (Suron Ki Duniya Academy),Suron Ki Duniya Academy,Class 8
Student,suron.ki.duniya.academy.class8.student5@school.edu,123456789,Student 5 Class 8 (Suron Ki Duniya Academy),Suron Ki Duniya Academy,Class 8
Teacher,suron.ki.duniya.academy.teacher9@school.edu,123456789,Teacher Class 9 (Suron Ki Duniya Academy),Suron Ki Duniya Academy,Class 9
Student,suron.ki.duniya.academy.class9.student1@school.edu,123456789,Student 1 Class 9 (Suron Ki Duniya Academy),Suron Ki Duniya Academy,Class 9
Student,suron.ki.duniya.academy.class9.student2@school.edu,123456789,Student 2 Class 9 (Suron Ki Duniya Academy),Suron Ki Duniya Academy,Class 9
Student,suron.ki.duniya.academy.class9.student3@school.edu,123456789,Student 3 Class 9 (Suron Ki Duniya Academy),Suron Ki Duniya Academy,Class 9
Student,suron.ki.duniya.academy.class9.student4@school.edu,123456789,Student 4 Class 9 (Suron Ki Duniya Academy),Suron Ki Duniya Academy,Class 9
Student,suron.ki.duniya.academy.class9.student5@school.edu,123456789,Student 5 Class 9 (Suron Ki Duniya Academy),Suron Ki Duniya Academy,Class 9
Teacher,suron.ki.duniya.academy.teacher10@school.edu,123456789,Teacher Class 10 (Suron Ki Duniya Academy),Suron Ki Duniya Academy,Class 10
Student,suron.ki.duniya.academy.class10.student1@school.edu,123456789,Student 1 Class 10 (Suron Ki Duniya Academy),Suron Ki Duniya Academy,Class 10
Student,suron.ki.duniya.academy.class10.student2@school.edu,123456789,Student 2 Class 10 (Suron Ki Duniya Academy),Suron Ki Duniya Academy,Class 10
Student,suron.ki.duniya.academy.class10.student3@school.edu,123456789,Student 3 Class 10 (Suron Ki Duniya Academy),Suron Ki Duniya Academy,Class 10
Student,suron.ki.duniya.academy.class10.student4@school.edu,123456789,Student 4 Class 10 (Suron Ki Duniya Academy),Suron Ki Duniya Academy,Class 10
Student,suron.ki.duniya.academy.class10.student5@school.edu,123456789,Student 5 Class 10 (Suron Ki Duniya Academy),Suron Ki Duniya Academy,Class 10
Teacher,nada.brahma.music.school.teacher1@school.edu,123456789,Teacher Class 1 (Nada Brahma Music School),Nada Brahma Music School,Class 1
Student,nada.brahma.music.school.class1.student1@school.edu,123456789,Student 1 Class 1 (Nada Brahma Music School),Nada Brahma Music School,Class 1
Student,nada.brahma.music.school.class1.student2@school.edu,123456789,Student 2 Class 1 (Nada Brahma Music School),Nada Brahma Music School,Class 1
Student,nada.brahma.music.school.class1.student3@school.edu,123456789,Student 3 Class 1 (Nada Brahma Music School),Nada Brahma Music School,Class 1
Student,nada.brahma.music.school.class1.student4@school.edu,123456789,Student 4 Class 1 (Nada Brahma Music School),Nada Brahma Music School,Class 1
Student,nada.brahma.music.school.class1.student5@school.edu,123456789,Student 5 Class 1 (Nada Brahma Music School),Nada Brahma Music School,Class 1
Teacher,nada.brahma.music.school.teacher2@school.edu,123456789,Teacher Class 2 (Nada Brahma Music School),Nada Brahma Music School,Class 2
Student,nada.brahma.music.school.class2.student1@school.edu,123456789,Student 1 Class 2 (Nada Brahma Music School),Nada Brahma Music School,Class 2
Student,nada.brahma.music.school.class2.student2@school.edu,123456789,Student 2 Class 2 (Nada Brahma Music School),Nada Brahma Music School,Class 2
Student,nada.brahma.music.school.class2.student3@school.edu,123456789,Student 3 Class 2 (Nada Brahma Music School),Nada Brahma Music School,Class 2
Student,nada.brahma.music.school.class2.student4@school.edu,123456789,Student 4 Class 2 (Nada Brahma Music School),Nada Brahma Music School,Class 2
Student,nada.brahma.music.school.class2.student5@school.edu,123456789,Student 5 Class 2 (Nada Brahma Music School),Nada Brahma Music School,Class 2
Teacher,nada.brahma.music.school.teacher3@school.edu,123456789,Teacher Class 3 (Nada Brahma Music School),Nada Brahma Music School,Class 3
Student,nada.brahma.music.school.class3.student1@school.edu,123456789,Student 1 Class 3 (Nada Brahma Music School),Nada Brahma Music School,Class 3
Student,nada.brahma.music.school.class3.student2@school.edu,123456789,Student 2 Class 3 (Nada Brahma Music School),Nada Brahma Music School,Class 3
Student,nada.brahma.music.school.class3.student3@school.edu,123456789,Student 3 Class 3 (Nada Brahma Music School),Nada Brahma Music School,Class 3
Student,nada.brahma.music.school.class3.student4@school.edu,123456789,Student 4 Class 3 (Nada Brahma Music School),Nada Brahma Music School,Class 3
Student,nada.brahma.music.school.class3.student5@school.edu,123456789,Student 5 Class 3 (Nada Brahma Music School),Nada Brahma Music School,Class 3
Teacher,nada.brahma.music.school.teacher4@school.edu,123456789,Teacher Class 4 (Nada Brahma Music School),Nada Brahma Music School,Class 4
Student,nada.brahma.music.school.class4.student1@school.edu,123456789,Student 1 Class 4 (Nada Brahma Music School),Nada Brahma Music School,Class 4
Student,nada.brahma.music.school.class4.student2@school.edu,123456789,Student 2 Class 4 (Nada Brahma Music School),Nada Brahma Music School,Class 4
Student,nada.brahma.music.school.class4.student3@school.edu,123456789,Student 3 Class 4 (Nada Brahma Music School),Nada Brahma Music School,Class 4
Student,nada.brahma.music.school.class4.student4@school.edu,123456789,Student 4 Class 4 (Nada Brahma Music School),Nada Brahma Music School,Class 4
Student,nada.brahma.music.school.class4.student5@school.edu,123456789,Student 5 Class 4 (Nada Brahma Music School),Nada Brahma Music School,Class 4
Teacher,nada.brahma.music.school.teacher5@school.edu,123456789,Teacher Class 5 (Nada Brahma Music School),Nada Brahma Music School,Class 5
Student,nada.brahma.music.school.class5.student1@school.edu,123456789,Student 1 Class 5 (Nada Brahma Music School),Nada Brahma Music School,Class 5
Student,nada.brahma.music.school.class5.student2@school.edu,123456789,Student 2 Class 5 (Nada Brahma Music School),Nada Brahma Music School,Class 5
Student,nada.brahma.music.school.class5.student3@school.edu,123456789,Student 3 Class 5 (Nada Brahma Music School),Nada Brahma Music School,Class 5
Student,nada.brahma.music.school.class5.student4@school.edu,123456789,Student 4 Class 5 (Nada Brahma Music School),Nada Brahma Music School,Class 5
Student,nada.brahma.music.school.class5.student5@school.edu,123456789,Student 5 Class 5 (Nada Brahma Music School),Nada Brahma Music School,Class 5
Teacher,nada.brahma.music.school.teacher6@school.edu,123456789,Teacher Class 6 (Nada Brahma Music School),Nada Brahma Music School,Class 6
Student,nada.brahma.music.school.class6.student1@school.edu,123456789,Student 1 Class 6 (Nada Brahma Music School),Nada Brahma Music School,Class 6
Student,nada.brahma.music.school.class6.student2@school.edu,123456789,Student 2 Class 6 (Nada Brahma Music School),Nada Brahma Music School,Class 6
Student,nada.brahma.music.school.class6.student3@school.edu,123456789,Student 3 Class 6 (Nada Brahma Music School),Nada Brahma Music School,Class 6
Student,nada.brahma.music.school.class6.student4@school.edu,123456789,Student 4 Class 6 (Nada Brahma Music School),Nada Brahma Music School,Class 6
Student,nada.brahma.music.school.class6.student5@school.edu,123456789,Student 5 Class 6 (Nada Brahma Music School),Nada Brahma Music School,Class 6
Teacher,nada.brahma.music.school.teacher7@school.edu,123456789,Teacher Class 7 (Nada Brahma Music School),Nada Brahma Music School,Class 7
Student,nada.brahma.music.school.class7.student1@school.edu,123456789,Student 1 Class 7 (Nada Brahma Music School),Nada Brahma Music School,Class 7
Student,nada.brahma.music.school.class7.student2@school.edu,123456789,Student 2 Class 7 (Nada Brahma Music School),Nada Brahma Music School,Class 7
Student,nada.brahma.music.school.class7.student3@school.edu,123456789,Student 3 Class 7 (Nada Brahma Music School),Nada Brahma Music School,Class 7
Student,nada.brahma.music.school.class7.student4@school.edu,123456789,Student 4 Class 7 (Nada Brahma Music School),Nada Brahma Music School,Class 7
Student,nada.brahma.music.school.class7.student5@school.edu,123456789,Student 5 Class 7 (Nada Brahma Music School),Nada Brahma Music School,Class 7
Teacher,nada.brahma.music.school.teacher8@school.edu,123456789,Teacher Class 8 (Nada Brahma Music School),Nada Brahma Music School,Class 8
Student,nada.brahma.music.school.class8.student1@school.edu,123456789,Student 1 Class 8 (Nada Brahma Music School),Nada Brahma Music School,Class 8
Student,nada.brahma.music.school.class8.student2@school.edu,123456789,Student 2 Class 8 (Nada Brahma Music School),Nada Brahma Music School,Class 8
Student,nada.brahma.music.school.class8.student3@school.edu,123456789,Student 3 Class 8 (Nada Brahma Music School),Nada Brahma Music School,Class 8
Student,nada.brahma.music.school.class8.student4@school.edu,123456789,Student 4 Class 8 (Nada Brahma Music School),Nada Brahma Music School,Class 8
Student,nada.brahma.music.school.class8.student5@school.edu,123456789,Student 5 Class 8 (Nada Brahma Music School),Nada Brahma Music School,Class 8
Teacher,nada.brahma.music.school.teacher9@school.edu,123456789,Teacher Class 9 (Nada Brahma Music School),Nada Brahma Music School,Class 9
Student,nada.brahma.music.school.class9.student1@school.edu,123456789,Student 1 Class 9 (Nada Brahma Music School),Nada Brahma Music School,Class 9
Student,nada.brahma.music.school.class9.student2@school.edu,123456789,Student 2 Class 9 (Nada Brahma Music School),Nada Brahma Music School,Class 9
Student,nada.brahma.music.school.class9.student3@school.edu,123456789,Student 3 Class 9 (Nada Brahma Music School),Nada Brahma Music School,Class 9
Student,nada.brahma.music.school.class9.student4@school.edu,123456789,Student 4 Class 9 (Nada Brahma Music School),Nada Brahma Music School,Class 9
Student,nada.brahma.music.school.class9.student5@school.edu,123456789,Student 5 Class 9 (Nada Brahma Music School),Nada Brahma Music School,Class 9
Teacher,nada.brahma.music.school.teacher10@school.edu,123456789,Teacher Class 10 (Nada Brahma Music School),Nada Brahma Music School,Class 10
Student,nada.brahma.music.school.class10.student1@school.edu,123456789,Student 1 Class 10 (Nada Brahma Music School),Nada Brahma Music School,Class 10
Student,nada.brahma.music.school.class10.student2@school.edu,123456789,Student 2 Class 10 (Nada Brahma Music School),Nada Brahma Music School,Class 10
Student,nada.brahma.music.school.class10.student3@school.edu,123456789,Student 3 Class 10 (Nada Brahma Music School),Nada Brahma Music School,Class 10
Student,nada.brahma.music.school.class10.student4@school.edu,123456789,Student 4 Class 10 (Nada Brahma Music School),Nada Brahma Music School,Class 10
Student,nada.brahma.music.school.class10.student5@school.edu,123456789,Student 5 Class 10 (Nada Brahma Music School),Nada Brahma Music School,Class 10
Teacher,veenavadini.school.of.fine.arts.teacher1@school.edu,123456789,Teacher Class 1 (Veenavadini School of Fine Arts),Veenavadini School of Fine Arts,Class 1
Student,veenavadini.school.of.fine.arts.class1.student1@school.edu,123456789,Student 1 Class 1 (Veenavadini School of Fine Arts),Veenavadini School of Fine Arts,Class 1
Student,veenavadini.school.of.fine.arts.class1.student2@school.edu,123456789,Student 2 Class 1 (Veenavadini School of Fine Arts),Veenavadini School of Fine Arts,Class 1
Student,veenavadini.school.of.fine.arts.class1.student3@school.edu,123456789,Student 3 Class 1 (Veenavadini School of Fine Arts),Veenavadini School of Fine Arts,Class 1
Student,veenavadini.school.of.fine.arts.class1.student4@school.edu,123456789,Student 4 Class 1 (Veenavadini School of Fine Arts),Veenavadini School of Fine Arts,Class 1
Student,veenavadini.school.of.fine.arts.class1.student5@school.edu,123456789,Student 5 Class 1 (Veenavadini School of Fine Arts),Veenavadini School of Fine Arts,Class 1
Teacher,veenavadini.school.of.fine.arts.teacher2@school.edu,123456789,Teacher Class 2 (Veenavadini School of Fine Arts),Veenavadini School of Fine Arts,Class 2
Student,veenavadini.school.of.fine.arts.class2.student1@school.edu,123456789,Student 1 Class 2 (Veenavadini School of Fine Arts),Veenavadini School of Fine Arts,Class 2
Student,veenavadini.school.of.fine.arts.class2.student2@school.edu,123456789,Student 2 Class 2 (Veenavadini School of Fine Arts),Veenavadini School of Fine Arts,Class 2
Student,veenavadini.school.of.fine.arts.class2.student3@school.edu,123456789,Student 3 Class 2 (Veenavadini School of Fine Arts),Veenavadini School of Fine Arts,Class 2
Student,veenavadini.school.of.fine.arts.class2.student4@school.edu,123456789,Student 4 Class 2 (Veenavadini School of Fine Arts),Veenavadini School of Fine Arts,Class 2
Student,veenavadini.school.of.fine.arts.class2.student5@school.edu,123456789,Student 5 Class 2 (Veenavadini School of Fine Arts),Veenavadini School of Fine Arts,Class 2
Teacher,veenavadini.school.of.fine.arts.teacher3@school.edu,123456789,Teacher Class 3 (Veenavadini School of Fine Arts),Veenavadini School of Fine Arts,Class 3
Student,veenavadini.school.of.fine.arts.class3.student1@school.edu,123456789,Student 1 Class 3 (Veenavadini School of Fine Arts),Veenavadini School of Fine Arts,Class 3
Student,veenavadini.school.of.fine.arts.class3.student2@school.edu,123456789,Student 2 Class 3 (Veenavadini School of Fine Arts),Veenavadini School of Fine Arts,Class 3
Student,veenavadini.school.of.fine.arts.class3.student3@school.edu,123456789,Student 3 Class 3 (Veenavadini School of Fine Arts),Veenavadini School of Fine Arts,Class 3
Student,veenavadini.school.of.fine.arts.class3.student4@school.edu,123456789,Student 4 Class 3 (Veenavadini School of Fine Arts),Veenavadini School of Fine Arts,Class 3
Student,veenavadini.school.of.fine.arts.class3.student5@school.edu,123456789,Student 5 Class 3 (Veenavadini School of Fine Arts),Veenavadini School of Fine Arts,Class 3
Teacher,veenavadini.school.of.fine.arts.teacher4@school.edu,123456789,Teacher Class 4 (Veenavadini School of Fine Arts),Veenavadini School of Fine Arts,Class 4
Student,veenavadini.school.of.fine.arts.class4.student1@school.edu,123456789,Student 1 Class 4 (Veenavadini School of Fine Arts),Veenavadini School of Fine Arts,Class 4
Student,veenavadini.school.of.fine.arts.class4.student2@school.edu,123456789,Student 2 Class 4 (Veenavadini School of Fine Arts),Veenavadini School of Fine Arts,Class 4
Student,veenavadini.school.of.fine.arts.class4.student3@school.edu,123456789,Student 3 Class 4 (Veenavadini School of Fine Arts),Veenavadini School of Fine Arts,Class 4
Student,veenavadini.school.of.fine.arts.class4.student4@school.edu,123456789,Student 4 Class 4 (Veenavadini School of Fine Arts),Veenavadini School of Fine Arts,Class 4
Student,veenavadini.school.of.fine.arts.class4.student5@school.edu,123456789,Student 5 Class 4 (Veenavadini School of Fine Arts),Veenavadini School of Fine Arts,Class 4
Teacher,veenavadini.school.of.fine.arts.teacher5@school.edu,123456789,Teacher Class 5 (Veenavadini School of Fine Arts),Veenavadini School of Fine Arts,Class 5
Student,veenavadini.school.of.fine.arts.class5.student1@school.edu,123456789,Student 1 Class 5 (Veenavadini School of Fine Arts),Veenavadini School of Fine Arts,Class 5
Student,veenavadini.school.of.fine.arts.class5.student2@school.edu,123456789,Student 2 Class 5 (Veenavadini School of Fine Arts),Veenavadini School of Fine Arts,Class 5
Student,veenavadini.school.of.fine.arts.class5.student3@school.edu,123456789,Student 3 Class 5 (Veenavadini School of Fine Arts),Veenavadini School of Fine Arts,Class 5
Student,veenavadini.school.of.fine.arts.class5.student4@school.edu,123456789,Student 4 Class 5 (Veenavadini School of Fine Arts),Veenavadini School of Fine Arts,Class 5
Student,veenavadini.school.of.fine.arts.class5.student5@school.edu,123456789,Student 5 Class 5 (Veenavadini School of Fine Arts),Veenavadini School of Fine Arts,Class 5
Teacher,veenavadini.school.of.fine.arts.teacher6@school.edu,123456789,Teacher Class 6 (Veenavadini School of Fine Arts),Veenavadini School of Fine Arts,Class 6
Student,veenavadini.school.of.fine.arts.class6.student1@school.edu,123456789,Student 1 Class 6 (Veenavadini School of Fine Arts),Veenavadini School of Fine Arts,Class 6
Student,veenavadini.school.of.fine.arts.class6.student2@school.edu,123456789,Student 2 Class 6 (Veenavadini School of Fine Arts),Veenavadini School of Fine Arts,Class 6
Student,veenavadini.school.of.fine.arts.class6.student3@school.edu,123456789,Student 3 Class 6 (Veenavadini School of Fine Arts),Veenavadini School of Fine Arts,Class 6
Student,veenavadini.school.of.fine.arts.class6.student4@school.edu,123456789,Student 4 Class 6 (Veenavadini School of Fine Arts),Veenavadini School of Fine Arts,Class 6
Student,veenavadini.school.of.fine.arts.class6.student5@school.edu,123456789,Student 5 Class 6 (Veenavadini School of Fine Arts),Veenavadini School of Fine Arts,Class 6
Teacher,veenavadini.school.of.fine.arts.teacher7@school.edu,123456789,Teacher Class 7 (Veenavadini School of Fine Arts),Veenavadini School of Fine Arts,Class 7
Student,veenavadini.school.of.fine.arts.class7.student1@school.edu,123456789,Student 1 Class 7 (Veenavadini School of Fine Arts),Veenavadini School of Fine Arts,Class 7
Student,veenavadini.school.of.fine.arts.class7.student2@school.edu,123456789,Student 2 Class 7 (Veenavadini School of Fine Arts),Veenavadini School of Fine Arts,Class 7
Student,veenavadini.school.of.fine.arts.class7.student3@school.edu,123456789,Student 3 Class 7 (Veenavadini School of Fine Arts),Veenavadini School of Fine Arts,Class 7
Student,veenavadini.school.of.fine.arts.class7.student4@school.edu,123456789,Student 4 Class 7 (Veenavadini School of Fine Arts),Veenavadini School of Fine Arts,Class 7
Student,veenavadini.school.of.fine.arts.class7.student5@school.edu,123456789,Student 5 Class 7 (Veenavadini School of Fine Arts),Veenavadini School of Fine Arts,Class 7
Teacher,veenavadini.school.of.fine.arts.teacher8@school.edu,123456789,Teacher Class 8 (Veenavadini School of Fine Arts),Veenavadini School of Fine Arts,Class 8
Student,veenavadini.school.of.fine.arts.class8.student1@school.edu,123456789,Student 1 Class 8 (Veenavadini School of Fine Arts),Veenavadini School of Fine Arts,Class 8
Student,veenavadini.school.of.fine.arts.class8.student2@school.edu,123456789,Student 2 Class 8 (Veenavadini School of Fine Arts),Veenavadini School of Fine Arts,Class 8
Student,veenavadini.school.of.fine.arts.class8.student3@school.edu,123456789,Student 3 Class 8 (Veenavadini School of Fine Arts),Veenavadini School of Fine Arts,Class 8
Student,veenavadini.school.of.fine.arts.class8.student4@school.edu,123456789,Student 4 Class 8 (Veenavadini School of Fine Arts),Veenavadini School of Fine Arts,Class 8
Student,veenavadini.school.of.fine.arts.class8.student5@school.edu,123456789,Student 5 Class 8 (Veenavadini School of Fine Arts),Veenavadini School of Fine Arts,Class 8
Teacher,veenavadini.school.of.fine.arts.teacher9@school.edu,123456789,Teacher Class 9 (Veenavadini School of Fine Arts),Veenavadini School of Fine Arts,Class 9
Student,veenavadini.school.of.fine.arts.class9.student1@school.edu,123456789,Student 1 Class 9 (Veenavadini School of Fine Arts),Veenavadini School of Fine Arts,Class 9
Student,veenavadini.school.of.fine.arts.class9.student2@school.edu,123456789,Student 2 Class 9 (Veenavadini School of Fine Arts),Veenavadini School of Fine Arts,Class 9
Student,veenavadini.school.of.fine.arts.class9.student3@school.edu,123456789,Student 3 Class 9 (Veenavadini School of Fine Arts),Veenavadini School of Fine Arts,Class 9
Student,veenavadini.school.of.fine.arts.class9.student4@school.edu,123456789,Student 4 Class 9 (Veenavadini School of Fine Arts),Veenavadini School of Fine Arts,Class 9
Student,veenavadini.school.of.fine.arts.class9.student5@school.edu,123456789,Student 5 Class 9 (Veenavadini School of Fine Arts),Veenavadini School of Fine Arts,Class 9
Teacher,veenavadini.school.of.fine.arts.teacher10@school.edu,123456789,Teacher Class 10 (Veenavadini School of Fine Arts),Veenavadini School of Fine Arts,Class 10
Student,veenavadini.school.of.fine.arts.class10.student1@school.edu,123456789,Student 1 Class 10 (Veenavadini School of Fine Arts),Veenavadini School of Fine Arts,Class 10
Student,veenavadini.school.of.fine.arts.class10.student2@school.edu,123456789,Student 2 Class 10 (Veenavadini School of Fine Arts),Veenavadini School of Fine Arts,Class 10
Student,veenavadini.school.of.fine.arts.class10.student3@school.edu,123456789,Student 3 Class 10 (Veenavadini School of Fine Arts),Veenavadini School of Fine Arts,Class 10
Student,veenavadini.school.of.fine.arts.class10.student4@school.edu,123456789,Student 4 Class 10 (Veenavadini School of Fine Arts),Veenavadini School of Fine Arts,Class 10
Student,veenavadini.school.of.fine.arts.class10.student5@school.edu,123456789,Student 5 Class 10 (Veenavadini School of Fine Arts),Veenavadini School of Fine Arts,Class 10
Teacher,tansen.school.of.classical.music.teacher1@school.edu,123456789,Teacher Class 1 (Tansen School of Classical Music),Tansen School of Classical Music,Class 1
Student,tansen.school.of.classical.music.class1.student1@school.edu,123456789,Student 1 Class 1 (Tansen School of Classical Music),Tansen School of Classical Music,Class 1
Student,tansen.school.of.classical.music.class1.student2@school.edu,123456789,Student 2 Class 1 (Tansen School of Classical Music),Tansen School of Classical Music,Class 1
Student,tansen.school.of.classical.music.class1.student3@school.edu,123456789,Student 3 Class 1 (Tansen School of Classical Music),Tansen School of Classical Music,Class 1
Student,tansen.school.of.classical.music.class1.student4@school.edu,123456789,Student 4 Class 1 (Tansen School of Classical Music),Tansen School of Classical Music,Class 1
Student,tansen.school.of.classical.music.class1.student5@school.edu,123456789,Student 5 Class 1 (Tansen School of Classical Music),Tansen School of Classical Music,Class 1
Teacher,tansen.school.of.classical.music.teacher2@school.edu,123456789,Teacher Class 2 (Tansen School of Classical Music),Tansen School of Classical Music,Class 2
Student,tansen.school.of.classical.music.class2.student1@school.edu,123456789,Student 1 Class 2 (Tansen School of Classical Music),Tansen School of Classical Music,Class 2
Student,tansen.school.of.classical.music.class2.student2@school.edu,123456789,Student 2 Class 2 (Tansen School of Classical Music),Tansen School of Classical Music,Class 2
Student,tansen.school.of.classical.music.class2.student3@school.edu,123456789,Student 3 Class 2 (Tansen School of Classical Music),Tansen School of Classical Music,Class 2
Student,tansen.school.of.classical.music.class2.student4@school.edu,123456789,Student 4 Class 2 (Tansen School of Classical Music),Tansen School of Classical Music,Class 2
Student,tansen.school.of.classical.music.class2.student5@school.edu,123456789,Student 5 Class 2 (Tansen School of Classical Music),Tansen School of Classical Music,Class 2
Teacher,tansen.school.of.classical.music.teacher3@school.edu,123456789,Teacher Class 3 (Tansen School of Classical Music),Tansen School of Classical Music,Class 3
Student,tansen.school.of.classical.music.class3.student1@school.edu,123456789,Student 1 Class 3 (Tansen School of Classical Music),Tansen School of Classical Music,Class 3
Student,tansen.school.of.classical.music.class3.student2@school.edu,123456789,Student 2 Class 3 (Tansen School of Classical Music),Tansen School of Classical Music,Class 3
Student,tansen.school.of.classical.music.class3.student3@school.edu,123456789,Student 3 Class 3 (Tansen School of Classical Music),Tansen School of Classical Music,Class 3
Student,tansen.school.of.classical.music.class3.student4@school.edu,123456789,Student 4 Class 3 (Tansen School of Classical Music),Tansen School of Classical Music,Class 3
Student,tansen.school.of.classical.music.class3.student5@school.edu,123456789,Student 5 Class 3 (Tansen School of Classical Music),Tansen School of Classical Music,Class 3
Teacher,tansen.school.of.classical.music.teacher4@school.edu,123456789,Teacher Class 4 (Tansen School of Classical Music),Tansen School of Classical Music,Class 4
Student,tansen.school.of.classical.music.class4.student1@school.edu,123456789,Student 1 Class 4 (Tansen School of Classical Music),Tansen School of Classical Music,Class 4
Student,tansen.school.of.classical.music.class4.student2@school.edu,123456789,Student 2 Class 4 (Tansen School of Classical Music),Tansen School of Classical Music,Class 4
Student,tansen.school.of.classical.music.class4.student3@school.edu,123456789,Student 3 Class 4 (Tansen School of Classical Music),Tansen School of Classical Music,Class 4
Student,tansen.school.of.classical.music.class4.student4@school.edu,123456789,Student 4 Class 4 (Tansen School of Classical Music),Tansen School of Classical Music,Class 4
Student,tansen.school.of.classical.music.class4.student5@school.edu,123456789,Student 5 Class 4 (Tansen School of Classical Music),Tansen School of Classical Music,Class 4
Teacher,tansen.school.of.classical.music.teacher5@school.edu,123456789,Teacher Class 5 (Tansen School of Classical Music),Tansen School of Classical Music,Class 5
Student,tansen.school.of.classical.music.class5.student1@school.edu,123456789,Student 1 Class 5 (Tansen School of Classical Music),Tansen School of Classical Music,Class 5
Student,tansen.school.of.classical.music.class5.student2@school.edu,123456789,Student 2 Class 5 (Tansen School of Classical Music),Tansen School of Classical Music,Class 5
Student,tansen.school.of.classical.music.class5.student3@school.edu,123456789,Student 3 Class 5 (Tansen School of Classical Music),Tansen School of Classical Music,Class 5
Student,tansen.school.of.classical.music.class5.student4@school.edu,123456789,Student 4 Class 5 (Tansen School of Classical Music),Tansen School of Classical Music,Class 5
Student,tansen.school.of.classical.music.class5.student5@school.edu,123456789,Student 5 Class 5 (Tansen School of Classical Music),Tansen School of Classical Music,Class 5
Teacher,tansen.school.of.classical.music.teacher6@school.edu,123456789,Teacher Class 6 (Tansen School of Classical Music),Tansen School of Classical Music,Class 6
Student,tansen.school.of.classical.music.class6.student1@school.edu,123456789,Student 1 Class 6 (Tansen School of Classical Music),Tansen School of Classical Music,Class 6
Student,tansen.school.of.classical.music.class6.student2@school.edu,123456789,Student 2 Class 6 (Tansen School of Classical Music),Tansen School of Classical Music,Class 6
Student,tansen.school.of.classical.music.class6.student3@school.edu,123456789,Student 3 Class 6 (Tansen School of Classical Music),Tansen School of Classical Music,Class 6
Student,tansen.school.of.classical.music.class6.student4@school.edu,123456789,Student 4 Class 6 (Tansen School of Classical Music),Tansen School of Classical Music,Class 6
Student,tansen.school.of.classical.music.class6.student5@school.edu,123456789,Student 5 Class 6 (Tansen School of Classical Music),Tansen School of Classical Music,Class 6
Teacher,tansen.school.of.classical.music.teacher7@school.edu,123456789,Teacher Class 7 (Tansen School of Classical Music),Tansen School of Classical Music,Class 7
Student,tansen.school.of.classical.music.class7.student1@school.edu,123456789,Student 1 Class 7 (Tansen School of Classical Music),Tansen School of Classical Music,Class 7
Student,tansen.school.of.classical.music.class7.student2@school.edu,123456789,Student 2 Class 7 (Tansen School of Classical Music),Tansen School of Classical Music,Class 7
Student,tansen.school.of.classical.music.class7.student3@school.edu,123456789,Student 3 Class 7 (Tansen School of Classical Music),Tansen School of Classical Music,Class 7
Student,tansen.school.of.classical.music.class7.student4@school.edu,123456789,Student 4 Class 7 (Tansen School of Classical Music),Tansen School of Classical Music,Class 7
Student,tansen.school.of.classical.music.class7.student5@school.edu,123456789,Student 5 Class 7 (Tansen School of Classical Music),Tansen School of Classical Music,Class 7
Teacher,tansen.school.of.classical.music.teacher8@school.edu,123456789,Teacher Class 8 (Tansen School of Classical Music),Tansen School of Classical Music,Class 8
Student,tansen.school.of.classical.music.class8.student1@school.edu,123456789,Student 1 Class 8 (Tansen School of Classical Music),Tansen School of Classical Music,Class 8
Student,tansen.school.of.classical.music.class8.student2@school.edu,123456789,Student 2 Class 8 (Tansen School of Classical Music),Tansen School of Classical Music,Class 8
Student,tansen.school.of.classical.music.class8.student3@school.edu,123456789,Student 3 Class 8 (Tansen School of Classical Music),Tansen School of Classical Music,Class 8
Student,tansen.school.of.classical.music.class8.student4@school.edu,123456789,Student 4 Class 8 (Tansen School of Classical Music),Tansen School of Classical Music,Class 8
Student,tansen.school.of.classical.music.class8.student5@school.edu,123456789,Student 5 Class 8 (Tansen School of Classical Music),Tansen School of Classical Music,Class 8
Teacher,tansen.school.of.classical.music.teacher9@school.edu,123456789,Teacher Class 9 (Tansen School of Classical Music),Tansen School of Classical Music,Class 9
Student,tansen.school.of.classical.music.class9.student1@school.edu,123456789,Student 1 Class 9 (Tansen School of Classical Music),Tansen School of Classical Music,Class 9
Student,tansen.school.of.classical.music.class9.student2@school.edu,123456789,Student 2 Class 9 (Tansen School of Classical Music),Tansen School of Classical Music,Class 9
Student,tansen.school.of.classical.music.class9.student3@school.edu,123456789,Student 3 Class 9 (Tansen School of Classical Music),Tansen School of Classical Music,Class 9
Student,tansen.school.of.classical.music.class9.student4@school.edu,123456789,Student 4 Class 9 (Tansen School of Classical Music),Tansen School of Classical Music,Class 9
Student,tansen.school.of.classical.music.class9.student5@school.edu,123456789,Student 5 Class 9 (Tansen School of Classical Music),Tansen School of Classical Music,Class 9
Teacher,tansen.school.of.classical.music.teacher10@school.edu,123456789,Teacher Class 10 (Tansen School of Classical Music),Tansen School of Classical Music,Class 10
Student,tansen.school.of.classical.music.class10.student1@school.edu,123456789,Student 1 Class 10 (Tansen School of Classical Music),Tansen School of Classical Music,Class 10
Student,tansen.school.of.classical.music.class10.student2@school.edu,123456789,Student 2 Class 10 (Tansen School of Classical Music),Tansen School of Classical Music,Class 10
Student,tansen.school.of.classical.music.class10.student3@school.edu,123456789,Student 3 Class 10 (Tansen School of Classical Music),Tansen School of Classical Music,Class 10
Student,tansen.school.of.classical.music.class10.student4@school.edu,123456789,Student 4 Class 10 (Tansen School of Classical Music),Tansen School of Classical Music,Class 10
Student,tansen.school.of.classical.music.class10.student5@school.edu,123456789,Student 5 Class 10 (Tansen School of Classical Music),Tansen School of Classical Music,Class 10
Teacher,bhairavi.international.school.teacher1@school.edu,123456789,Teacher Class 1 (Bhairavi International School),Bhairavi International School,Class 1
Student,bhairavi.international.school.class1.student1@school.edu,123456789,Student 1 Class 1 (Bhairavi International School),Bhairavi International School,Class 1
Student,bhairavi.international.school.class1.student2@school.edu,123456789,Student 2 Class 1 (Bhairavi International School),Bhairavi International School,Class 1
Student,bhairavi.international.school.class1.student3@school.edu,123456789,Student 3 Class 1 (Bhairavi International School),Bhairavi International School,Class 1
Student,bhairavi.international.school.class1.student4@school.edu,123456789,Student 4 Class 1 (Bhairavi International School),Bhairavi International School,Class 1
Student,bhairavi.international.school.class1.student5@school.edu,123456789,Student 5 Class 1 (Bhairavi International School),Bhairavi International School,Class 1
Teacher,bhairavi.international.school.teacher2@school.edu,123456789,Teacher Class 2 (Bhairavi International School),Bhairavi International School,Class 2
Student,bhairavi.international.school.class2.student1@school.edu,123456789,Student 1 Class 2 (Bhairavi International School),Bhairavi International School,Class 2
Student,bhairavi.international.school.class2.student2@school.edu,123456789,Student 2 Class 2 (Bhairavi International School),Bhairavi International School,Class 2
Student,bhairavi.international.school.class2.student3@school.edu,123456789,Student 3 Class 2 (Bhairavi International School),Bhairavi International School,Class 2
Student,bhairavi.international.school.class2.student4@school.edu,123456789,Student 4 Class 2 (Bhairavi International School),Bhairavi International School,Class 2
Student,bhairavi.international.school.class2.student5@school.edu,123456789,Student 5 Class 2 (Bhairavi International School),Bhairavi International School,Class 2
Teacher,bhairavi.international.school.teacher3@school.edu,123456789,Teacher Class 3 (Bhairavi International School),Bhairavi International School,Class 3
Student,bhairavi.international.school.class3.student1@school.edu,123456789,Student 1 Class 3 (Bhairavi International School),Bhairavi International School,Class 3
Student,bhairavi.international.school.class3.student2@school.edu,123456789,Student 2 Class 3 (Bhairavi International School),Bhairavi International School,Class 3
Student,bhairavi.international.school.class3.student3@school.edu,123456789,Student 3 Class 3 (Bhairavi International School),Bhairavi International School,Class 3
Student,bhairavi.international.school.class3.student4@school.edu,123456789,Student 4 Class 3 (Bhairavi International School),Bhairavi International School,Class 3
Student,bhairavi.international.school.class3.student5@school.edu,123456789,Student 5 Class 3 (Bhairavi International School),Bhairavi International School,Class 3
Teacher,bhairavi.international.school.teacher4@school.edu,123456789,Teacher Class 4 (Bhairavi International School),Bhairavi International School,Class 4
Student,bhairavi.international.school.class4.student1@school.edu,123456789,Student 1 Class 4 (Bhairavi International School),Bhairavi International School,Class 4
Student,bhairavi.international.school.class4.student2@school.edu,123456789,Student 2 Class 4 (Bhairavi International School),Bhairavi International School,Class 4
Student,bhairavi.international.school.class4.student3@school.edu,123456789,Student 3 Class 4 (Bhairavi International School),Bhairavi International School,Class 4
Student,bhairavi.international.school.class4.student4@school.edu,123456789,Student 4 Class 4 (Bhairavi International School),Bhairavi International School,Class 4
Student,bhairavi.international.school.class4.student5@school.edu,123456789,Student 5 Class 4 (Bhairavi International School),Bhairavi International School,Class 4
Teacher,bhairavi.international.school.teacher5@school.edu,123456789,Teacher Class 5 (Bhairavi International School),Bhairavi International School,Class 5
Student,bhairavi.international.school.class5.student1@school.edu,123456789,Student 1 Class 5 (Bhairavi International School),Bhairavi International School,Class 5
Student,bhairavi.international.school.class5.student2@school.edu,123456789,Student 2 Class 5 (Bhairavi International School),Bhairavi International School,Class 5
Student,bhairavi.international.school.class5.student3@school.edu,123456789,Student 3 Class 5 (Bhairavi International School),Bhairavi International School,Class 5
Student,bhairavi.international.school.class5.student4@school.edu,123456789,Student 4 Class 5 (Bhairavi International School),Bhairavi International School,Class 5
Student,bhairavi.international.school.class5.student5@school.edu,123456789,Student 5 Class 5 (Bhairavi International School),Bhairavi International School,Class 5
Teacher,bhairavi.international.school.teacher6@school.edu,123456789,Teacher Class 6 (Bhairavi International School),Bhairavi International School,Class 6
Student,bhairavi.international.school.class6.student1@school.edu,123456789,Student 1 Class 6 (Bhairavi International School),Bhairavi International School,Class 6
Student,bhairavi.international.school.class6.student2@school.edu,123456789,Student 2 Class 6 (Bhairavi International School),Bhairavi International School,Class 6
Student,bhairavi.international.school.class6.student3@school.edu,123456789,Student 3 Class 6 (Bhairavi International School),Bhairavi International School,Class 6
Student,bhairavi.international.school.class6.student4@school.edu,123456789,Student 4 Class 6 (Bhairavi International School),Bhairavi International School,Class 6
Student,bhairavi.international.school.class6.student5@school.edu,123456789,Student 5 Class 6 (Bhairavi International School),Bhairavi International School,Class 6
Teacher,bhairavi.international.school.teacher7@school.edu,123456789,Teacher Class 7 (Bhairavi International School),Bhairavi International School,Class 7
Student,bhairavi.international.school.class7.student1@school.edu,123456789,Student 1 Class 7 (Bhairavi International School),Bhairavi International School,Class 7
Student,bhairavi.international.school.class7.student2@school.edu,123456789,Student 2 Class 7 (Bhairavi International School),Bhairavi International School,Class 7
Student,bhairavi.international.school.class7.student3@school.edu,123456789,Student 3 Class 7 (Bhairavi International School),Bhairavi International School,Class 7
Student,bhairavi.international.school.class7.student4@school.edu,123456789,Student 4 Class 7 (Bhairavi International School),Bhairavi International School,Class 7
Student,bhairavi.international.school.class7.student5@school.edu,123456789,Student 5 Class 7 (Bhairavi International School),Bhairavi International School,Class 7
Teacher,bhairavi.international.school.teacher8@school.edu,123456789,Teacher Class 8 (Bhairavi International School),Bhairavi International School,Class 8
Student,bhairavi.international.school.class8.student1@school.edu,123456789,Student 1 Class 8 (Bhairavi International School),Bhairavi International School,Class 8
Student,bhairavi.international.school.class8.student2@school.edu,123456789,Student 2 Class 8 (Bhairavi International School),Bhairavi International School,Class 8
Student,bhairavi.international.school.class8.student3@school.edu,123456789,Student 3 Class 8 (Bhairavi International School),Bhairavi International School,Class 8
Student,bhairavi.international.school.class8.student4@school.edu,123456789,Student 4 Class 8 (Bhairavi International School),Bhairavi International School,Class 8
Student,bhairavi.international.school.class8.student5@school.edu,123456789,Student 5 Class 8 (Bhairavi International School),Bhairavi International School,Class 8
Teacher,bhairavi.international.school.teacher9@school.edu,123456789,Teacher Class 9 (Bhairavi International School),Bhairavi International School,Class 9
Student,bhairavi.international.school.class9.student1@school.edu,123456789,Student 1 Class 9 (Bhairavi International School),Bhairavi International School,Class 9
Student,bhairavi.international.school.class9.student2@school.edu,123456789,Student 2 Class 9 (Bhairavi International School),Bhairavi International School,Class 9
Student,bhairavi.international.school.class9.student3@school.edu,123456789,Student 3 Class 9 (Bhairavi International School),Bhairavi International School,Class 9
Student,bhairavi.international.school.class9.student4@school.edu,123456789,Student 4 Class 9 (Bhairavi International School),Bhairavi International School,Class 9
Student,bhairavi.international.school.class9.student5@school.edu,123456789,Student 5 Class 9 (Bhairavi International School),Bhairavi International School,Class 9
Teacher,bhairavi.international.school.teacher10@school.edu,123456789,Teacher Class 10 (Bhairavi International School),Bhairavi International School,Class 10
Student,bhairavi.international.school.class10.student1@school.edu,123456789,Student 1 Class 10 (Bhairavi International School),Bhairavi International School,Class 10
Student,bhairavi.international.school.class10.student2@school.edu,123456789,Student 2 Class 10 (Bhairavi International School),Bhairavi International School,Class 10
Student,bhairavi.international.school.class10.student3@school.edu,123456789,Student 3 Class 10 (Bhairavi International School),Bhairavi International School,Class 10
Student,bhairavi.international.school.class10.student4@school.edu,123456789,Student 4 Class 10 (Bhairavi International School),Bhairavi International School,Class 10
Student,bhairavi.international.school.class10.student5@school.edu,123456789,Student 5 Class 10 (Bhairavi International School),Bhairavi International School,Class 10
Teacher,raagmala.academy.teacher1@school.edu,123456789,Teacher Class 1 (Raagmala Academy),Raagmala Academy,Class 1
Student,raagmala.academy.class1.student1@school.edu,123456789,Student 1 Class 1 (Raagmala Academy),Raagmala Academy,Class 1
Student,raagmala.academy.class1.student2@school.edu,123456789,Student 2 Class 1 (Raagmala Academy),Raagmala Academy,Class 1
Student,raagmala.academy.class1.student3@school.edu,123456789,Student 3 Class 1 (Raagmala Academy),Raagmala Academy,Class 1
Student,raagmala.academy.class1.student4@school.edu,123456789,Student 4 Class 1 (Raagmala Academy),Raagmala Academy,Class 1
Student,raagmala.academy.class1.student5@school.edu,123456789,Student 5 Class 1 (Raagmala Academy),Raagmala Academy,Class 1
Teacher,raagmala.academy.teacher2@school.edu,123456789,Teacher Class 2 (Raagmala Academy),Raagmala Academy,Class 2
Student,raagmala.academy.class2.student1@school.edu,123456789,Student 1 Class 2 (Raagmala Academy),Raagmala Academy,Class 2
Student,raagmala.academy.class2.student2@school.edu,123456789,Student 2 Class 2 (Raagmala Academy),Raagmala Academy,Class 2
Student,raagmala.academy.class2.student3@school.edu,123456789,Student 3 Class 2 (Raagmala Academy),Raagmala Academy,Class 2
Student,raagmala.academy.class2.student4@school.edu,123456789,Student 4 Class 2 (Raagmala Academy),Raagmala Academy,Class 2
Student,raagmala.academy.class2.student5@school.edu,123456789,Student 5 Class 2 (Raagmala Academy),Raagmala Academy,Class 2
Teacher,raagmala.academy.teacher3@school.edu,123456789,Teacher Class 3 (Raagmala Academy),Raagmala Academy,Class 3
Student,raagmala.academy.class3.student1@school.edu,123456789,Student 1 Class 3 (Raagmala Academy),Raagmala Academy,Class 3
Student,raagmala.academy.class3.student2@school.edu,123456789,Student 2 Class 3 (Raagmala Academy),Raagmala Academy,Class 3
Student,raagmala.academy.class3.student3@school.edu,123456789,Student 3 Class 3 (Raagmala Academy),Raagmala Academy,Class 3
Student,raagmala.academy.class3.student4@school.edu,123456789,Student 4 Class 3 (Raagmala Academy),Raagmala Academy,Class 3
Student,raagmala.academy.class3.student5@school.edu,123456789,Student 5 Class 3 (Raagmala Academy),Raagmala Academy,Class 3
Teacher,raagmala.academy.teacher4@school.edu,123456789,Teacher Class 4 (Raagmala Academy),Raagmala Academy,Class 4
Student,raagmala.academy.class4.student1@school.edu,123456789,Student 1 Class 4 (Raagmala Academy),Raagmala Academy,Class 4
Student,raagmala.academy.class4.student2@school.edu,123456789,Student 2 Class 4 (Raagmala Academy),Raagmala Academy,Class 4
Student,raagmala.academy.class4.student3@school.edu,123456789,Student 3 Class 4 (Raagmala Academy),Raagmala Academy,Class 4
Student,raagmala.academy.class4.student4@school.edu,123456789,Student 4 Class 4 (Raagmala Academy),Raagmala Academy,Class 4
Student,raagmala.academy.class4.student5@school.edu,123456789,Student 5 Class 4 (Raagmala Academy),Raagmala Academy,Class 4
Teacher,raagmala.academy.teacher5@school.edu,123456789,Teacher Class 5 (Raagmala Academy),Raagmala Academy,Class 5
Student,raagmala.academy.class5.student1@school.edu,123456789,Student 1 Class 5 (Raagmala Academy),Raagmala Academy,Class 5
Student,raagmala.academy.class5.student2@school.edu,123456789,Student 2 Class 5 (Raagmala Academy),Raagmala Academy,Class 5
Student,raagmala.academy.class5.student3@school.edu,123456789,Student 3 Class 5 (Raagmala Academy),Raagmala Academy,Class 5
Student,raagmala.academy.class5.student4@school.edu,123456789,Student 4 Class 5 (Raagmala Academy),Raagmala Academy,Class 5
Student,raagmala.academy.class5.student5@school.edu,123456789,Student 5 Class 5 (Raagmala Academy),Raagmala Academy,Class 5
Teacher,raagmala.academy.teacher6@school.edu,123456789,Teacher Class 6 (Raagmala Academy),Raagmala Academy,Class 6
Student,raagmala.academy.class6.student1@school.edu,123456789,Student 1 Class 6 (Raagmala Academy),Raagmala Academy,Class 6
Student,raagmala.academy.class6.student2@school.edu,123456789,Student 2 Class 6 (Raagmala Academy),Raagmala Academy,Class 6
Student,raagmala.academy.class6.student3@school.edu,123456789,Student 3 Class 6 (Raagmala Academy),Raagmala Academy,Class 6
Student,raagmala.academy.class6.student4@school.edu,123456789,Student 4 Class 6 (Raagmala Academy),Raagmala Academy,Class 6
Student,raagmala.academy.class6.student5@school.edu,123456789,Student 5 Class 6 (Raagmala Academy),Raagmala Academy,Class 6
Teacher,raagmala.academy.teacher7@school.edu,123456789,Teacher Class 7 (Raagmala Academy),Raagmala Academy,Class 7
Student,raagmala.academy.class7.student1@school.edu,123456789,Student 1 Class 7 (Raagmala Academy),Raagmala Academy,Class 7
Student,raagmala.academy.class7.student2@school.edu,123456789,Student 2 Class 7 (Raagmala Academy),Raagmala Academy,Class 7
Student,raagmala.academy.class7.student3@school.edu,123456789,Student 3 Class 7 (Raagmala Academy),Raagmala Academy,Class 7
Student,raagmala.academy.class7.student4@school.edu,123456789,Student 4 Class 7 (Raagmala Academy),Raagmala Academy,Class 7
Student,raagmala.academy.class7.student5@school.edu,123456789,Student 5 Class 7 (Raagmala Academy),Raagmala Academy,Class 7
Teacher,raagmala.academy.teacher8@school.edu,123456789,Teacher Class 8 (Raagmala Academy),Raagmala Academy,Class 8
Student,raagmala.academy.class8.student1@school.edu,123456789,Student 1 Class 8 (Raagmala Academy),Raagmala Academy,Class 8
Student,raagmala.academy.class8.student2@school.edu,123456789,Student 2 Class 8 (Raagmala Academy),Raagmala Academy,Class 8
Student,raagmala.academy.class8.student3@school.edu,123456789,Student 3 Class 8 (Raagmala Academy),Raagmala Academy,Class 8
Student,raagmala.academy.class8.student4@school.edu,123456789,Student 4 Class 8 (Raagmala Academy),Raagmala Academy,Class 8
Student,raagmala.academy.class8.student5@school.edu,123456789,Student 5 Class 8 (Raagmala Academy),Raagmala Academy,Class 8
Teacher,raagmala.academy.teacher9@school.edu,123456789,Teacher Class 9 (Raagmala Academy),Raagmala Academy,Class 9
Student,raagmala.academy.class9.student1@school.edu,123456789,Student 1 Class 9 (Raagmala Academy),Raagmala Academy,Class 9
Student,raagmala.academy.class9.student2@school.edu,123456789,Student 2 Class 9 (Raagmala Academy),Raagmala Academy,Class 9
Student,raagmala.academy.class9.student3@school.edu,123456789,Student 3 Class 9 (Raagmala Academy),Raagmala Academy,Class 9
Student,raagmala.academy.class9.student4@school.edu,123456789,Student 4 Class 9 (Raagmala Academy),Raagmala Academy,Class 9
Student,raagmala.academy.class9.student5@school.edu,123456789,Student 5 Class 9 (Raagmala Academy),Raagmala Academy,Class 9
Teacher,raagmala.academy.teacher10@school.edu,123456789,Teacher Class 10 (Raagmala Academy),Raagmala Academy,Class 10
Student,raagmala.academy.class10.student1@school.edu,123456789,Student 1 Class 10 (Raagmala Academy),Raagmala Academy,Class 10
Student,raagmala.academy.class10.student2@school.edu,123456789,Student 2 Class 10 (Raagmala Academy),Raagmala Academy,Class 10
Student,raagmala.academy.class10.student3@school.edu,123456789,Student 3 Class 10 (Raagmala Academy),Raagmala Academy,Class 10
Student,raagmala.academy.class10.student4@school.edu,123456789,Student 4 Class 10 (Raagmala Academy),Raagmala Academy,Class 10
Student,raagmala.academy.class10.student5@school.edu,123456789,Student 5 Class 10 (Raagmala Academy),Raagmala Academy,Class 10
